mhh.b.illbk.01,bb136,a,3
mhh.e.illbk.01,bb136,a,3
mhh.a.illbk.01,bb136,a,3
s-inn.z.illbk.03,s-inn,g,3
mhh.f.illbk.01,bb136,a,3
bb515.1.comb.34,bb209,1,3
mhh.d.illbk.01,bb136,a,3
mhh.h.illbk.01,bb136,a,3
mhh.c.illbk.01,bb136,a,3
mhh.g.illbk.01,bb136,a,3
bb515.2.comb.34,bb209,1,3
s-inn.b.illbk.03,s-inn,g,2
thel.h.illbk.04,thel,a-proof,2
s-inn.x.illbk.11,songsie,aa,2
s-inn.x.illbk.11,songsie,b,2
s-inn.x.illbk.11,songsie,c,2
songsie.l.illbk.17,s-inn,x,2
thel.m.illbk.07,thel,c,2
songsie.t.illbk.20,s-inn,z,2
s-inn.x.illbk.11,songsie,e,2
songsie.n.illbk.14,s-inn,g,2
s-inn.g.illbk.15,songsie,y,2
s-inn.x.illbk.11,songsie,f,2
s-inn.x.illbk.11,songsie,l,2
s-inn.x.illbk.11,songsie,r,2
s-inn.u.illbk.03,s-inn,g,2
s-inn.x.illbk.11,songsie,t,2
s-inn.x.illbk.11,songsie,v,2
s-inn.x.illbk.11,songsie,y,2
nnr.m.illbk.08,nnr,b,2
s-inn.x.illbk.11,songsie,z,2
songsie.f.illbk.19,s-inn,u,2
songsie.f.illbk.19,s-inn,l,2
songsie.f.illbk.19,s-inn,i,2
songsie.f.illbk.19,s-inn,g,2
songsie.f.illbk.19,s-inn,b,2
songsie.a.illbk.43,s-inn,g,2
songsie.r.illbk.37,s-inn,g,2
s-inn.x.illbk.11,s-inn,z,2
s-inn.x.illbk.11,s-inn,i,2
s-inn.g.illbk.19,s-inn,x,2
songsie.y.illbk.24,s-inn,i,2
songsie.f.illbk.21,s-inn,g,2
s-los.f.illbk.08,s-los,c,2
songsie.v.illbk.16,s-inn,x,2
bb515.2.comb.37,bb209,1,2
s-los.f.illbk.05,s-los,c,2
songsie.v.illbk.17,s-inn,b,2
songsie.v.illbk.17,s-inn,g,2
songsie.v.illbk.17,s-inn,i,2
songsie.y.illbk.24,s-inn,z,2
songsie.v.illbk.17,s-inn,l,2
songsie.y.illbk.24,s-inn,u,2
songsie.y.illbk.24,s-inn,l,2
songsie.y.illbk.24,s-inn,g,2
s-inn.x.illbk.11,s-inn,u,2
songsie.y.illbk.24,s-inn,b,2
songsie.v.illbk.17,s-inn,u,2
songsie.v.illbk.17,s-inn,z,2
bb515.2.comb.40,bb209,1,2
s-los.f.illbk.04,s-los,c,2
s-los.f.illbk.03,s-los,c,2
songsie.f.illbk.19,s-inn,z,2
s-inn.x.illbk.11,s-inn,b,2
s-inn.x.illbk.11,s-inn,g,2
songsie.t.illbk.20,s-inn,l,2
s-los.f.illbk.02,s-los,c,2
s-inn.x.illbk.11,s-inn,l,2
songsie.t.illbk.20,s-inn,u,2
s-inn.b.illbk.25,s-inn,x,2
songsie.t.illbk.20,s-inn,i,2
s-inn.z.illbk.03,songsie,l,2
songsie.z.illbk.24,s-inn,l,2
s-inn.z.illbk.03,s-inn,b,2
s-los.c.illbk.03,s-los,f,2
s-inn.z.illbk.03,s-inn,i,2
s-inn.z.illbk.03,s-inn,l,2
s-inn.z.illbk.03,s-inn,u,2
s-inn.z.illbk.03,songsie,a,2
s-los.c.illbk.02,s-los,f,2
s-inn.z.illbk.03,songsie,aa,2
s-inn.z.illbk.03,songsie,b,2
s-inn.z.illbk.03,songsie,c,2
s-inn.z.illbk.03,songsie,e,2
s-inn.z.illbk.03,songsie,f,2
s-inn.z.illbk.03,songsie,r,2
s-los.c.illbk.04,s-los,f,2
s-inn.z.illbk.03,songsie,t,2
s-inn.z.illbk.03,songsie,v,2
s-inn.z.illbk.03,songsie,y,2
s-inn.z.illbk.03,songsie,z,2
songsie.z.illbk.24,s-inn,u,2
songsie.z.illbk.24,s-inn,z,2
songsie.f.illbk.14,songsie,e,2
s-inn.l.illbk.03,s-inn,g,2
songsie.t.illbk.17,s-inn,x,2
s-inn.b.illbk.10,songsie,e,2
songsie.b.illbk.41,s-inn,g,2
s-inn.g.illbk.08,songsie,z,2
s-inn.g.illbk.08,songsie,y,2
songsie.z.illbk.24,s-inn,i,2
songsie.z.illbk.24,s-inn,g,2
s-inn.b.illbk.04,s-inn,z,2
s-inn.g.illbk.13,songsie,f,2
s-inn.g.illbk.15,s-inn,z,2
songsie.l.illbk.14,s-inn,z,2
songsie.t.illbk.20,s-inn,b,2
s-inn.b.illbk.04,songsie,y,2
s-los.c.illbk.08,s-los,f,2
s-inn.g.illbk.13,songsie,z,2
s-inn.g.illbk.13,songsie,y,2
songsie.y.illbk.17,s-inn,x,2
s-inn.g.illbk.13,songsie,v,2
s-inn.g.illbk.13,songsie,t,2
s-inn.g.illbk.13,songsie,r,2
songsie.e.illbk.36,s-inn,g,2
s-inn.g.illbk.13,songsie,l,2
s-inn.g.illbk.13,songsie,e,2
but614v.1.penc.01,bb209,1,2
s-inn.g.illbk.13,songsie,c,2
s-inn.g.illbk.13,songsie,b,2
s-inn.g.illbk.13,songsie,aa,2
s-inn.g.illbk.13,songsie,a,2
thel.h.illbk.07,thel,a-proof,2
s-inn.g.illbk.13,s-inn,u,2
s-inn.g.illbk.13,s-inn,i,2
s-inn.g.illbk.13,s-inn,b,2
songsie.z.illbk.24,s-inn,b,2
s-los.c.illbk.05,s-los,f,2
but612.1.wd.01,bb209,1,2
but614r.1.penc.01,bb209,1,2
songsie.y.illbk.15,songsie,e,2
songsie.t.illbk.20,s-inn,g,2
songsie.aa.illbk.35,s-inn,g,2
songsie.z.illbk.17,s-inn,x,2
bb136.a.spb.02,mhh,d,2
bb136.a.spb.05,mhh,c,2
bb136.a.spb.04,mhh,i,2
bb136.a.spb.04,mhh,h,2
bb136.a.spb.04,mhh,g,2
bb136.a.spb.04,mhh,f,2
bb136.a.spb.04,mhh,e,2
bb136.a.spb.04,mhh,d,2
bb136.a.spb.04,mhh,c,2
bb136.a.spb.04,mhh,a,2
bb136.a.spb.02,mhh,h,2
bb136.a.spb.02,mhh,g,2
bb136.a.spb.02,mhh,f,2
bb136.a.spb.02,mhh,e,2
bb136.a.spb.02,mhh,c,2
bb136.a.spb.05,mhh,e,2
s-inn.i.illbk.04,s-inn,z,2
songsie.e.illbk.05,s-inn,z,2
s-inn.u.illbk.28,s-inn,z,2
nnr.a.illbk.08,nnr,b,2
songsie.a.illbk.26,s-inn,x,2
s-inn.i.illbk.03,s-inn,g,2
s-inn.u.illbk.28,songsie,y,2
songsie.e.illbk.04,s-inn,g,2
thel.c.illbk.08,thel,m,2
thel.c.illbk.08,thel,k,2
thel.r.illbk.04,thel,a-proof,2
songsie.b.illbk.11,s-inn,z,2
songsie.v.illbk.04,s-inn,g,2
bb136.a.spb.05,mhh,d,2
bb136.a.spb.05,mhh,f,2
bb515.2.comb.22,bb209,1,2
songsie.e.illbk.16,s-inn,x,2
songsie.r.illbk.17,s-inn,x,2
s-inn.u.illbk.21,s-inn,x,2
songsie.b.illbk.04,s-inn,g,2
s-inn.i.illbk.09,s-inn,x,2
songsie.r.illbk.15,songsie,e,2
s-inn.i.illbk.12,s-inn,g,2
songsie.a.illbk.17,songsie,e,2
songsie.z.illbk.04,s-inn,g,2
songsie.b.illbk.07,songsie,e,2
songsie.a.illbk.24,s-inn,z,2
s-inn.i.illbk.14,songsie,f,2
s-inn.i.illbk.14,songsie,l,2
s-inn.i.illbk.14,songsie,r,2
s-inn.i.illbk.14,songsie,t,2
bb136.a.spb.05,mhh,g,2
s-inn.i.illbk.14,songsie,v,2
s-inn.i.illbk.14,songsie,y,2
s-inn.i.illbk.14,songsie,z,2
songsie.z.illbk.05,s-inn,z,2
bb136.a.spb.06,mhh,i,2
bb136.a.spb.06,mhh,h,2
bb136.a.spb.06,mhh,g,2
bb136.a.spb.06,mhh,f,2
bb136.a.spb.06,mhh,e,2
bb136.a.spb.06,mhh,d,2
bb136.a.spb.06,mhh,c,2
s-inn.i.illbk.04,songsie,y,2
bb136.a.spb.05,mhh,h,2
s-inn.u.illbk.30,s-inn,g,2
songsie.t.illbk.35,s-inn,g,2
songsie.l.illbk.04,s-inn,g,2
songsie.v.illbk.12,songsie,e,2
s-inn.g.illbk.28,songsie,e,2
bb515.1.comb.12,bb209,1,2
nnr.c.illbk.09,nnr,b,2
songsie.y.illbk.35,s-inn,g,2
songsie.r.illbk.04,s-inn,g,2
bb515.1.comb.22,bb209,1,2
s-inn.u.illbk.10,songsie,e,2
bb515.1.comb.37,bb209,1,2
nnr.d.illbk.08,nnr,b,2
bb515.1.comb.40,bb209,1,2
s-inn.i.illbk.24,songsie,e,2
bb515.2.comb.04,bb209,1,2
songsie.z.illbk.15,songsie,e,2
bb515.2.comb.05,bb209,1,2
bb435.1.comdes.02,bb209,1,2
bb515.2.comb.07,bb209,1,2
songsie.c.illbk.43,s-inn,g,2
bb515.2.comb.12,bb209,1,2
songsie.a.illbk.03,s-inn,g,2
songsie.l.illbk.13,s-inn,b,2
songsie.l.illbk.13,s-inn,g,2
songsie.l.illbk.13,s-inn,i,2
songsie.b.illbk.22,s-inn,x,2
songsie.l.illbk.13,s-inn,l,2
songsie.l.illbk.13,s-inn,u,2
nnr.g.illbk.09,nnr,b,2
songsie.l.illbk.13,s-inn,z,2
s-inn.g.illbk.08,songsie,t,2
songsie.v.illbk.08,s-inn,z,2
bb515.1.comb.07,bb209,1,2
bb515.1.comb.05,bb209,1,2
songsie.r.illbk.05,s-inn,z,2
nnr.b.illbk.07,nnr,a,2
nnr.b.illbk.07,nnr,c,2
nnr.b.illbk.07,nnr,d,2
nnr.b.illbk.07,nnr,g,2
nnr.b.illbk.07,nnr,m,2
s-inn.u.illbk.13,songsie,z,2
s-inn.u.illbk.13,songsie,y,2
s-inn.u.illbk.13,songsie,v,2
s-inn.u.illbk.13,songsie,t,2
s-inn.u.illbk.13,songsie,r,2
songsie.r.illbk.25,s-inn,b,2
songsie.r.illbk.25,s-inn,g,2
songsie.r.illbk.25,s-inn,i,2
songsie.r.illbk.25,s-inn,l,2
songsie.r.illbk.25,s-inn,u,2
bb499.1.comeng.15,bb499,2,2
bb499.1.comeng.16,bb499,2,2
bb499.1.comeng.17,bb499,2,2
s-inn.u.illbk.13,songsie,l,2
songsie.r.illbk.25,s-inn,z,2
s-inn.u.illbk.13,songsie,f,2
s-inn.x.illbk.01,s-inn,g,2
bb499.2.comeng.14,bb499,1,2
bb499.2.comeng.15,bb499,1,2
bb499.2.comeng.16,bb499,1,2
songsie.f.illbk.27,s-inn,x,2
bb515.1.comb.04,bb209,1,2
s-inn.g.illbk.08,songsie,v,2
s-inn.x.illbk.11,songsie,a,2
s-inn.g.illbk.08,songsie,r,2
s-inn.g.illbk.04,songsie,f,2
s-inn.l.illbk.22,songsie,y,2
s-inn.l.illbk.22,songsie,z,2
songsie.v.illbk.36,s-inn,g,2
s-inn.g.illbk.04,s-inn,b,2
s-inn.g.illbk.04,s-inn,i,2
s-inn.l.illbk.12,songsie,e,2
s-inn.g.illbk.04,s-inn,u,2
s-inn.g.illbk.04,songsie,a,2
s-inn.g.illbk.04,songsie,aa,2
s-inn.g.illbk.04,songsie,b,2
s-inn.g.illbk.04,songsie,c,2
s-inn.g.illbk.04,songsie,e,2
songsie.f.illbk.04,s-inn,z,2
s-inn.g.illbk.04,songsie,l,2
s-inn.l.illbk.22,songsie,t,2
s-inn.g.illbk.04,songsie,r,2
s-inn.g.illbk.04,songsie,t,2
s-inn.g.illbk.04,songsie,v,2
s-inn.g.illbk.04,songsie,y,2
s-inn.g.illbk.04,songsie,z,2
songsie.f.illbk.03,s-inn,g,2
songsie.y.illbk.08,s-inn,b,2
songsie.y.illbk.08,s-inn,g,2
songsie.y.illbk.08,s-inn,i,2
songsie.y.illbk.08,s-inn,l,2
songsie.y.illbk.08,s-inn,u,2
songsie.y.illbk.08,s-inn,z,2
songsie.c.illbk.06,s-inn,z,2
s-inn.l.illbk.22,songsie,v,2
s-inn.l.illbk.22,songsie,r,2
songsie.t.illbk.04,s-inn,g,2
s-inn.b.illbk.29,songsie,l,2
s-inn.z.illbk.23,s-inn,x,2
songsie.aa.illbk.17,s-inn,x,2
s-inn.g.illbk.08,songsie,l,2
s-inn.b.illbk.20,s-inn,g,2
songsie.z.illbk.35,s-inn,g,2
songsie.l.illbk.34,s-inn,g,2
thel.k.illbk.07,thel,c,2
s-inn.l.illbk.19,s-inn,x,2
s-inn.b.illbk.29,songsie,z,2
s-inn.b.illbk.29,songsie,y,2
s-inn.b.illbk.29,songsie,v,2
s-inn.b.illbk.29,songsie,t,2
s-inn.b.illbk.29,songsie,r,2
s-inn.b.illbk.29,songsie,f,2
songsie.aa.illbk.04,s-inn,g,2
songsie.y.illbk.04,s-inn,g,2
songsie.aa.illbk.15,songsie,e,2
songsie.aa.illbk.05,s-inn,z,2
songsie.c.illbk.04,s-inn,g,2
s-inn.z.illbk.10,songsie,z,2
s-inn.z.illbk.10,songsie,y,2
s-inn.z.illbk.10,songsie,v,2
s-inn.z.illbk.10,songsie,t,2
s-inn.z.illbk.10,songsie,r,2
s-inn.z.illbk.10,songsie,l,2
s-inn.z.illbk.10,songsie,f,2
s-inn.l.illbk.22,songsie,f,2
s-inn.l.illbk.22,songsie,l,2
songsie.c.illbk.08,s-inn,x,2
s-inn.g.illbk.04,s-inn,z,2
songsie.l.illbk.26,songsie,e,2
s-inn.l.illbk.25,songsie,z,2
songsie.c.illbk.21,songsie,e,2
thel.i.illbk.04,thel,a-proof,2
s-inn.l.illbk.04,s-inn,z,2
s-inn.l.illbk.25,songsie,v,2
s-inn.l.illbk.25,songsie,t,2
s-inn.l.illbk.25,songsie,r,2
s-inn.z.illbk.06,songsie,e,2
s-inn.l.illbk.25,s-inn,b,2
s-inn.l.illbk.25,s-inn,g,2
s-inn.l.illbk.25,s-inn,i,2
s-inn.l.illbk.25,s-inn,u,2
s-inn.l.illbk.25,songsie,l,2
s-inn.l.illbk.25,songsie,a,2
songsie.t.illbk.15,songsie,e,2
s-inn.l.illbk.04,songsie,y,2
s-inn.l.illbk.25,songsie,f,2
s-inn.l.illbk.25,songsie,aa,2
s-inn.l.illbk.25,songsie,b,2
s-inn.l.illbk.25,songsie,e,2
s-inn.l.illbk.25,songsie,y,2
s-inn.l.illbk.25,songsie,c,2
s-inn.g.illbk.08,songsie,f,2
songsie.t.illbk.05,s-inn,z,2
